x0,y0,z0,x1,y1,z1,x2,y2,z2,x3,y3,z3,x4,y4,z4,x5,y5,z5,x6,y6,z6,x7,y7,z7,x8,y8,z8,x9,y9,z9,x10,y10,z10,x11,y11,z11,x12,y12,z12,x13,y13,z13,x14,y14,z14,x15,y15,z15,x16,y16,z16,x17,y17,z17,x18,y18,z18,x19,y19,z19,x20,y20,z20,label
0.08335082232952118,0.6792758107185364,2.986026004236919e-07,0.1448967307806015,0.6971621513366699,0.03397288918495178,0.1829245537519455,0.6714471578598022,0.06419932097196579,0.2083331197500229,0.6479985117912292,0.08896881341934204,0.2302619218826294,0.6346632838249207,0.11491765826940536,0.18905390799045563,0.5907834768295288,0.08897404372692108,0.21161645650863647,0.567368745803833,0.129555806517601,0.22300788760185242,0.5610453486442566,0.15742573142051697,0.22460995614528656,0.5569257140159607,0.17761197686195374,0.17322209477424622,0.5608746409416199,0.08438456803560257,0.2011416107416153,0.523903489112854,0.1265924572944641,0.21610334515571594,0.5129223465919495,0.15424811840057373,0.224172443151474,0.5070914030075073,0.17693890631198883,0.15414227545261383,0.5415400266647339,0.07818058133125305,0.1704273521900177,0.49327579140663147,0.10960357636213303,0.18791209161281586,0.4777686595916748,0.1278998702764511,0.20234505832195282,0.47263091802597046,0.14251276850700378,0.13171038031578064,0.5331626534461975,0.07331453263759613,0.14450247585773468,0.4913703203201294,0.09786432236433029,0.16011354327201843,0.4769062399864197,0.11152414977550507,0.17158564925193787,0.47176826000213623,0.12349502742290497,A
0.08446691185235977,0.6821903586387634,2.6465943392395275e-07,0.14657633006572723,0.6955028772354126,0.0313907153904438,0.18391001224517822,0.6693084239959717,0.060114406049251556,0.21005569398403168,0.6462267637252808,0.08304688334465027,0.23132549226284027,0.6330043077468872,0.10670192539691925,0.18820351362228394,0.5898924469947815,0.08650296181440353,0.21364380419254303,0.5632799863815308,0.12237892299890518,0.22696906328201294,0.5557951927185059,0.1441095769405365,0.23229438066482544,0.5496622323989868,0.15930034220218658,0.17343464493751526,0.5609883069992065,0.08059445768594742,0.19996970891952515,0.5194909572601318,0.11862336099147797,0.21550384163856506,0.5049992799758911,0.13907107710838318,0.2244996577501297,0.4968263506889343,0.15501244366168976,0.1546865850687027,0.5429245233535767,0.07269946485757828,0.16942116618156433,0.49464643001556396,0.10132640600204468,0.18622571229934692,0.47842490673065186,0.11385408788919449,0.20071148872375488,0.47289541363716125,0.12285995483398438,0.1323307305574417,0.5360417366027832,0.06584535539150238,0.14139042794704437,0.4959595203399658,0.08846977353096008,0.15408852696418762,0.48268163204193115,0.09920185059309006,0.1642957627773285,0.47831544280052185,0.10772763937711716,A
0.08233257383108139,0.6850917339324951,2.062567290295192e-07,0.14489684998989105,0.6954314708709717,0.02885584346950054,0.18388919532299042,0.6686410903930664,0.05706876516342163,0.2098233848810196,0.6463050246238708,0.07973992824554443,0.23133274912834167,0.6324193477630615,0.10296627134084702,0.18755179643630981,0.5868675708770752,0.08538128435611725,0.21232113242149353,0.5503981709480286,0.12131629139184952,0.2239481657743454,0.5338670015335083,0.14267787337303162,0.22827695310115814,0.5216098427772522,0.15753541886806488,0.1710522174835205,0.5592736601829529,0.08009134232997894,0.19301548600196838,0.5119883418083191,0.12061616778373718,0.20686942338943481,0.4947347640991211,0.14133472740650177,0.21604041755199432,0.48571261763572693,0.15675751864910126,0.15193134546279907,0.5432999134063721,0.07247428596019745,0.16627781093120575,0.49528181552886963,0.10215894877910614,0.18275783956050873,0.4789171516895294,0.11476659029722214,0.19739875197410583,0.47274625301361084,0.12337768822908401,0.13120828568935394,0.5371625423431396,0.06554293632507324,0.14122290909290314,0.49555039405822754,0.08625607192516327,0.15403896570205688,0.48099514842033386,0.09618985652923584,0.1646193265914917,0.47510266304016113,0.10451303422451019,A
0.2671935558319092,0.9264202117919922,6.277246029640082e-07,0.373709112405777,0.9144931435585022,-0.03552927449345589,0.4421539902687073,0.831768274307251,-0.05481092631816864,0.47835591435432434,0.7677431702613831,-0.08032982051372528,0.5153929591178894,0.6822758316993713,-0.10899929702281952,0.41845449805259705,0.667816162109375,-0.01496523804962635,0.4638722836971283,0.5648285746574402,-0.04716145247220993,0.49897488951683044,0.4937281012535095,-0.07527471333742142,0.5274643301963806,0.43656834959983826,-0.10140463709831238,0.36891546845436096,0.6614317893981934,-0.040043044835329056,0.41374439001083374,0.5264605283737183,-0.08429082483053207,0.4555835723876953,0.44648489356040955,-0.13370195031166077,0.4978163540363312,0.37901490926742554,-0.1727377474308014,0.31955385208129883,0.6776108741760254,-0.07460765540599823,0.3603452444076538,0.5762561559677124,-0.14711207151412964,0.40981900691986084,0.5858558416366577,-0.21530626714229584,0.45356041193008423,0.6024256944656372,-0.2578255236148834,0.27360770106315613,0.7003445625305176,-0.11088643968105316,0.2977827787399292,0.6316766738891602,-0.1903323084115982,0.334750771522522,0.6308847069740295,-0.25255918502807617,0.37483519315719604,0.6419470906257629,-0.29697513580322266,B
0.2717600464820862,0.9205231666564941,6.466648301284295e-07,0.3822425603866577,0.9176926016807556,-0.03350576013326645,0.44696110486984253,0.8457367420196533,-0.053876083344221115,0.4769088923931122,0.7839082479476929,-0.08008817583322525,0.5251727104187012,0.7102984189987183,-0.11021189391613007,0.4276278018951416,0.6789758205413818,-0.024074336513876915,0.4738022983074188,0.5731910467147827,-0.062055256217718124,0.507101833820343,0.5033168792724609,-0.09689848124980927,0.5347272157669067,0.44374632835388184,-0.1280279904603958,0.3794870376586914,0.6709202527999878,-0.052119988948106766,0.4254528284072876,0.5398901104927063,-0.10120539367198944,0.46692702174186707,0.4599664807319641,-0.15497943758964539,0.5052792429924011,0.39501529932022095,-0.19813229143619537,0.32977819442749023,0.6841228604316711,-0.08914704620838165,0.36970093846321106,0.592514157295227,-0.16015468537807465,0.41708245873451233,0.5816018581390381,-0.22771024703979492,0.4602260887622833,0.5794516205787659,-0.2721916437149048,0.283083438873291,0.7045268416404724,-0.1280185431241989,0.30469000339508057,0.6304096579551697,-0.20498983561992645,0.33810850977897644,0.6230818629264832,-0.26378342509269714,0.37413057684898376,0.6341257691383362,-0.3066287934780121,B
0.08018633723258972,0.4987691640853882,3.167125726122322e-07,0.16617198288440704,0.4918624460697174,0.020505795255303383,0.2184925526380539,0.4716652035713196,0.028824223205447197,0.2660401463508606,0.45139050483703613,0.031228085979819298,0.2929964065551758,0.4075508117675781,0.030704258009791374,0.16488192975521088,0.3292534649372101,0.02371591329574585,0.2100442796945572,0.2522958517074585,0.031217079609632492,0.23243631422519684,0.20598146319389343,0.02913723513484001,0.2517838180065155,0.1583396941423416,0.02294481173157692,0.13758400082588196,0.3013312816619873,0.004567163065075874,0.15221360325813293,0.18842478096485138,-0.006753713823854923,0.17516346275806427,0.11417406797409058,-0.03589313477277756,0.19249649345874786,0.06042417883872986,-0.060253821313381195,0.12033005058765411,0.2897305488586426,-0.011056152172386646,0.14205226302146912,0.1944476068019867,-0.024546677246689796,0.17463234066963196,0.12896573543548584,-0.0502316877245903,0.19815266132354736,0.08305460214614868,-0.06971504539251328,0.12001828849315643,0.30054542422294617,-0.02356438897550106,0.1582169085741043,0.21227121353149414,-0.03458781912922859,0.1894725114107132,0.16169416904449463,-0.04553863778710365,0.2173648178577423,0.12671874463558197,-0.05568074434995651,C
0.1509043425321579,0.5685860514640808,3.835467623503064e-07,0.23156416416168213,0.5593520998954773,0.02285023406147957,0.28366854786872864,0.5011011958122253,0.048258423805236816,0.31250274181365967,0.43698379397392273,0.06876954436302185,0.32984232902526855,0.3901457190513611,0.08901724964380264,0.2880678176879883,0.4210720658302307,0.07078403979539871,0.33897659182548523,0.35523292422294617,0.09688032418489456,0.37010154128074646,0.31500521302223206,0.10860934853553772,0.3922514021396637,0.28284525871276855,0.11497478187084198,0.2684251666069031,0.3905402719974518,0.06450409442186356,0.32691988348960876,0.323888897895813,0.09153692424297333,0.36345410346984863,0.28510546684265137,0.0974033921957016,0.38880258798599243,0.26031494140625,0.10015779733657837,0.2410680055618286,0.3701339364051819,0.05627532675862312,0.2979375123977661,0.30690476298332214,0.07448400557041168,0.3393822908401489,0.26652055978775024,0.07166729867458344,0.3664062023162842,0.23888042569160461,0.0678892508149147,0.20546755194664001,0.3583400249481201,0.049382925033569336,0.24415600299835205,0.3064058721065521,0.0614781379699707,0.27248892188072205,0.27339157462120056,0.06226378306746483,0.29502665996551514,0.2458183318376541,0.06178684160113335,A
0.13560661673545837,0.5656645894050598,3.5852838209393667e-07,0.2212795913219452,0.5511625409126282,0.026141615584492683,0.272219181060791,0.4939984679222107,0.05538439378142357,0.29565131664276123,0.43240591883659363,0.07747238874435425,0.3139994442462921,0.3871157169342041,0.10000891238451004,0.27853089570999146,0.4232082962989807,0.08747066557407379,0.32519373297691345,0.36592814326286316,0.11428631842136383,0.35510796308517456,0.327684611082077,0.12650226056575775,0.37579819560050964,0.29834604263305664,0.1334179788827896,0.25826650857925415,0.39358851313591003,0.07651802897453308,0.31412363052368164,0.3335989713668823,0.10363130271434784,0.34976905584335327,0.2980692982673645,0.11167719960212708,0.3761453330516815,0.27477431297302246,0.11720568686723709,0.22935959696769714,0.37271571159362793,0.061513569205999374,0.28065240383148193,0.3116298317909241,0.07619974762201309,0.3188188970088959,0.2693856656551361,0.07471774518489838,0.3453527092933655,0.23761802911758423,0.07376500964164734,0.1904752254486084,0.3608078956604004,0.047253940254449844,0.23040619492530823,0.30519726872444153,0.05308413878083229,0.25839415192604065,0.2665633261203766,0.05137939006090164,0.280499130487442,0.23251250386238098,0.05049416422843933,B
0.13292980194091797,0.5701429843902588,4.0726206407271093e-07,0.21765846014022827,0.5422906279563904,0.021488972008228302,0.2644350230693817,0.48313307762145996,0.04896846413612366,0.2826949954032898,0.4214124083518982,0.0700518861413002,0.2980750799179077,0.37649139761924744,0.09134814888238907,0.269702672958374,0.4172241687774658,0.07926730066537857,0.3183751404285431,0.354919970035553,0.10275723785161972,0.3473381996154785,0.3133697211742401,0.11150282621383667,0.3682025372982025,0.2813754975795746,0.11531708389520645,0.24601337313652039,0.38734397292137146,0.06855172663927078,0.29827097058296204,0.32351845502853394,0.09410227835178375,0.3332245945930481,0.2849857807159424,0.09727822989225388,0.3587459623813629,0.26131775975227356,0.09786151349544525,0.21243950724601746,0.37100082635879517,0.053798429667949677,0.2613731026649475,0.310708612203598,0.06834590435028076,0.30081161856651306,0.2737947106361389,0.06019911915063858,0.33062753081321716,0.24601170420646667,0.052314478904008865,0.1689748466014862,0.3651006817817688,0.0395626462996006,0.1997951865196228,0.32521259784698486,0.04713188111782074,0.22404426336288452,0.3049349784851074,0.04448537901043892,0.24345973134040833,0.2910267412662506,0.04113892465829849,C
